day,tx_count,l2_fee_eth,da_gas_eth
2024-01-01 00:00:00.000 UTC,402799,26.299181508040643,37.81200904484844
2024-01-02 00:00:00.000 UTC,418946,31.971619896500776,64.45285459379897
2024-01-03 00:00:00.000 UTC,413320,52.96357415971224,73.07929433622347
2024-01-04 00:00:00.000 UTC,394855,9.71197698708561,33.665509645241094
2024-01-05 00:00:00.000 UTC,384685,10.894372547355186,28.05524953150695
2024-01-06 00:00:00.000 UTC,372227,9.489567138734861,22.2735769891913
2024-01-07 00:00:00.000 UTC,325246,7.092759726111151,31.565951079273795
2024-01-08 00:00:00.000 UTC,401657,12.958860934830001,32.7139092683971
2024-01-09 00:00:00.000 UTC,455383,20.86511571426532,33.27416303658922
2024-01-10 00:00:00.000 UTC,490335,15.61430185113865,64.36852872478609
2024-01-11 00:00:00.000 UTC,443896,11.753224355384269,52.58034495477634
2024-01-12 00:00:00.000 UTC,466334,15.019172498674262,42.890685410072464
2024-01-13 00:00:00.000 UTC,415718,6.238126370162804,23.014184776242455
2024-01-14 00:00:00.000 UTC,336458,5.809950639237383,33.69847172613099
2024-01-15 00:00:00.000 UTC,413050,21.41274721678251,63.66619553666726
2024-01-16 00:00:00.000 UTC,402375,26.64320580901942,96.74618086460929
2024-01-17 00:00:00.000 UTC,381253,11.262531943683145,69.9992478138545
2024-01-18 00:00:00.000 UTC,348437,6.665755026670786,47.03357811018507
2024-01-19 00:00:00.000 UTC,359150,8.219251323984297,39.29785675302581
2024-01-20 00:00:00.000 UTC,401503,5.163168860742679,20.842025283091996
2024-01-21 00:00:00.000 UTC,349544,3.885847793483448,16.00813359443526
2024-01-22 00:00:00.000 UTC,383444,6.573814332720599,21.77638137951809
2024-01-23 00:00:00.000 UTC,439471,7.491945882889952,21.64785855791499
2024-01-24 00:00:00.000 UTC,500802,4.964032942408524,17.409965993962185
2024-01-25 00:00:00.000 UTC,460390,5.642102788246539,31.47086443190961
2024-01-26 00:00:00.000 UTC,402391,6.495495096946285,25.250520391328596
2024-01-27 00:00:00.000 UTC,352451,4.7480690395117815,15.65759571591013
2024-01-28 00:00:00.000 UTC,408526,6.665317628008798,15.512822409000279
2024-01-29 00:00:00.000 UTC,394974,8.389010267239671,25.159903088735017
2024-01-30 00:00:00.000 UTC,375193,22.24654270012826,75.12151458390765
2024-01-31 00:00:00.000 UTC,378256,34.27918021761127,71.73361979161189
2024-02-01 00:00:00.000 UTC,408744,7.377469475000713,47.06587397287833
2024-02-02 00:00:00.000 UTC,372483,6.005299819804334,29.39169658413432
2024-02-03 00:00:00.000 UTC,351920,4.377008166990935,25.238121508080578
2024-02-04 00:00:00.000 UTC,335797,4.548714069204064,20.1793228644205
2024-02-05 00:00:00.000 UTC,350755,5.055887537129442,23.082898613788327
2024-02-06 00:00:00.000 UTC,348379,4.907504169311995,41.772345171784444
2024-02-07 00:00:00.000 UTC,340648,4.2627090816182305,49.29514429047337
2024-02-08 00:00:00.000 UTC,300326,3.382383948004394,56.12777503430983
2024-02-09 00:00:00.000 UTC,279586,4.066145186972488,63.63866634073715
2024-02-10 00:00:00.000 UTC,298579,3.2414656276810137,34.44622322768418
2024-02-11 00:00:00.000 UTC,317738,3.6458487928259804,28.57050924314731
2024-02-12 00:00:00.000 UTC,343466,17.522437442641245,101.63237261729668
2024-02-13 00:00:00.000 UTC,395343,26.490473125011476,95.2561743587167
2024-02-14 00:00:00.000 UTC,370332,26.920558429378804,75.74007122319743
2024-02-15 00:00:00.000 UTC,361267,12.0870372156854,60.00806622462047
2024-02-16 00:00:00.000 UTC,386879,5.551527993311807,48.1481320830473
2024-02-17 00:00:00.000 UTC,410482,4.090305348852955,35.230437687736924
2024-02-18 00:00:00.000 UTC,400107,4.890932407411735,44.31799051881292
2024-02-19 00:00:00.000 UTC,433693,6.134925171254099,65.77038000999164
2024-02-20 00:00:00.000 UTC,486312,9.068563261937788,93.20236506726238
2024-02-21 00:00:00.000 UTC,481970,8.117144785256604,77.49093437821902
2024-02-22 00:00:00.000 UTC,469069,7.608244160994792,91.24731596717444
2024-02-23 00:00:00.000 UTC,433994,5.972649726469502,64.74665857235249
2024-02-24 00:00:00.000 UTC,434887,4.895279432813237,44.741229737928485
2024-02-25 00:00:00.000 UTC,440631,5.806134161202701,46.86802477920628
2024-02-26 00:00:00.000 UTC,460406,10.091920709133117,88.41743454310938
2024-02-27 00:00:00.000 UTC,480915,14.690463293838471,123.1661271805956
2024-02-28 00:00:00.000 UTC,507096,33.58915212480707,186.606513149975
2024-02-29 00:00:00.000 UTC,508853,32.442378711142474,201.68203126476953
2024-03-01 00:00:00.000 UTC,430161,21.071110031372207,138.70326517751946
2024-03-02 00:00:00.000 UTC,424795,19.53920543714088,115.57793701498511
2024-03-03 00:00:00.000 UTC,424242,13.062986731503075,126.06926374056204
2024-03-04 00:00:00.000 UTC,399383,12.056292953400224,154.9700920182462
2024-03-05 00:00:00.000 UTC,484827,32.11372878373436,237.19675345338837
2024-03-06 00:00:00.000 UTC,445821,15.26312055296784,121.63884064381244
2024-03-07 00:00:00.000 UTC,418310,8.075960692917198,101.94244342302488
2024-03-08 00:00:00.000 UTC,405248,8.60961339773994,90.95452636254929
2024-03-09 00:00:00.000 UTC,449243,7.5913246942147055,100.37841779779673
2024-03-10 00:00:00.000 UTC,361134,5.204649504526645,66.4600012415192
2024-03-11 00:00:00.000 UTC,382494,8.722024143013233,77.93713117613015
2024-03-12 00:00:00.000 UTC,371029,10.842849404230579,73.53033501177035
2024-03-13 00:00:00.000 UTC,345129,8.349221829185842,78.96500972666651
2024-03-14 00:00:00.000 UTC,558955,19.280302216073405,0.469542724276707
2024-03-15 00:00:00.000 UTC,767051,15.348155964727116,0.30354314381232905
2024-03-16 00:00:00.000 UTC,628116,14.772681580603624,0.23042722410004
2024-03-17 00:00:00.000 UTC,585381,10.34147377988393,0.298818843396368
2024-03-18 00:00:00.000 UTC,661566,8.936553235234648,0.35895265921915803
2024-03-19 00:00:00.000 UTC,778447,12.847160308019326,0.362303650876709
2024-03-20 00:00:00.000 UTC,781329,18.05996696509542,0.34006873321597
2024-03-21 00:00:00.000 UTC,672231,10.43800629448513,0.303509388771727
2024-03-22 00:00:00.000 UTC,674600,8.497618411080342,0.255914986869004
2024-03-23 00:00:00.000 UTC,598888,5.443631588628784,0.211440246417489
2024-03-24 00:00:00.000 UTC,599511,8.214340955423806,0.200513667745932
2024-03-25 00:00:00.000 UTC,717912,13.332989947717929,0.384327292659441
2024-03-26 00:00:00.000 UTC,844359,22.355479095928988,0.46965159313395
2024-03-27 00:00:00.000 UTC,1.01861e+06,18.991371676030386,8.350212682871017
2024-03-28 00:00:00.000 UTC,986091,17.656249627598655,12.767421975880831
2024-03-29 00:00:00.000 UTC,929912,16.271100046035002,9.915827937060948
2024-03-30 00:00:00.000 UTC,876545,19.535394187501044,8.76632693871719
2024-03-31 00:00:00.000 UTC,744395,17.436957001590223,25.092877581339124
2024-04-01 00:00:00.000 UTC,643630,18.16645933736526,23.86118624218169
2024-04-02 00:00:00.000 UTC,679157,24.13575632622366,30.840960817919196
2024-04-03 00:00:00.000 UTC,677434,18.709828480751668,21.11529373916145
2024-04-04 00:00:00.000 UTC,801575,20.098779244821685,0.4637008858504691
2024-04-05 00:00:00.000 UTC,793301,15.495965337287961,0.345965015643726
2024-04-06 00:00:00.000 UTC,551103,7.908480586642122,0.208434362550309
2024-04-07 00:00:00.000 UTC,627488,6.9925590026690605,0.21019517603427001
2024-04-08 00:00:00.000 UTC,686905,18.447793189871806,0.420779516686575
2024-04-09 00:00:00.000 UTC,689407,19.49132321094292,0.47614140104089797
2024-04-10 00:00:00.000 UTC,709966,23.159557684605446,0.402201638718174
2024-04-11 00:00:00.000 UTC,718026,20.250246590378918,0.43459555170308395
2024-04-12 00:00:00.000 UTC,714254,49.1022372898485,0.427478067508581
2024-04-13 00:00:00.000 UTC,710650,51.01650207293192,0.46551892567699193
2024-04-14 00:00:00.000 UTC,704671,24.16702543375925,0.337963141678479
2024-04-15 00:00:00.000 UTC,713100,21.49884010380719,0.375676614986571
2024-04-16 00:00:00.000 UTC,707109,19.824170118125252,0.359853376846197
2024-04-17 00:00:00.000 UTC,659899,20.364033325631812,0.399676931230446
2024-04-18 00:00:00.000 UTC,654114,18.620655639218544,0.33349434845388304
2024-04-19 00:00:00.000 UTC,701307,17.070379241930823,0.231127665924492
2024-04-20 00:00:00.000 UTC,616626,5.972612402411178,0.184730594531313
2024-04-21 00:00:00.000 UTC,635133,6.6527468652139845,0.176032411030947
2024-04-22 00:00:00.000 UTC,651148,14.316351179748994,0.309138832176003
2024-04-23 00:00:00.000 UTC,697843,16.757283234262623,0.355806834146082
2024-04-24 00:00:00.000 UTC,688354,20.101114928758758,0.39077080788673196
2024-04-25 00:00:00.000 UTC,703801,21.533978169291146,0.368148990240531
2024-04-26 00:00:00.000 UTC,705169,18.879569724689198,0.32020691840278803
2024-04-27 00:00:00.000 UTC,706053,19.683355228140538,0.30182755292811
2024-04-28 00:00:00.000 UTC,709559,18.764353924964627,0.319127791224567
2024-04-29 00:00:00.000 UTC,684543,18.833941604548805,0.315390138554262
2024-04-30 00:00:00.000 UTC,809801,20.318015982371886,0.3696203138523
2024-05-01 00:00:00.000 UTC,836210,26.43653519600488,0.319468952516736
2024-05-02 00:00:00.000 UTC,697188,20.304425217270715,0.326634471969009
2024-05-03 00:00:00.000 UTC,615219,12.454936158445188,0.237779012481315
2024-05-04 00:00:00.000 UTC,520355,6.196326790356453,0.17111255989673402
2024-05-05 00:00:00.000 UTC,514415,5.226687460500812,0.165210505265859
2024-05-06 00:00:00.000 UTC,598710,12.911108355964855,0.283811226318693
2024-05-07 00:00:00.000 UTC,584269,17.085312243704273,0.32877160099476
2024-05-08 00:00:00.000 UTC,576067,18.513369595849273,0.322702107128925
2024-05-09 00:00:00.000 UTC,564569,16.57503963897036,0.303053362733598
2024-05-10 00:00:00.000 UTC,561471,17.217718976710657,0.331681538025606
2024-05-11 00:00:00.000 UTC,468283,20.11528401515291,0.309418859308539
2024-05-12 00:00:00.000 UTC,444045,16.235016176419908,0.312274009020249
2024-05-13 00:00:00.000 UTC,555034,18.453305159517186,0.339101360627949
2024-05-14 00:00:00.000 UTC,525369,19.69879593913654,0.283457596602552
2024-05-15 00:00:00.000 UTC,607260,10.292072234992592,0.188683156152942
2024-05-16 00:00:00.000 UTC,587157,7.874745095128742,0.165446215912638
2024-05-17 00:00:00.000 UTC,515904,6.586783093437839,0.15212525014389602
2024-05-18 00:00:00.000 UTC,420318,6.449101355356394,0.119816926160799
2024-05-19 00:00:00.000 UTC,401689,3.9364430063401112,0.117476768120286
2024-05-20 00:00:00.000 UTC,563681,18.49153576125312,0.35131293695688903
2024-05-21 00:00:00.000 UTC,653345,21.474835744379167,0.382080485120331
2024-05-22 00:00:00.000 UTC,673695,19.18413120889781,0.400384745363652
2024-05-23 00:00:00.000 UTC,700045,32.35840654853179,0.35757331305339596
2024-05-24 00:00:00.000 UTC,574215,18.74338058634307,0.334575141022836
2024-05-25 00:00:00.000 UTC,505119,17.504675738733162,0.328077371591145
2024-05-26 00:00:00.000 UTC,505261,16.951111184440716,0.330369991846874
2024-05-27 00:00:00.000 UTC,543359,17.70037396131849,0.7241422271179709
2024-05-28 00:00:00.000 UTC,559924,19.015860587913828,0.801897772588029
2024-05-29 00:00:00.000 UTC,566744,13.950601381570138,0.9588554434822829
2024-05-30 00:00:00.000 UTC,567305,9.958357886212127,0.510640266752172
2024-05-31 00:00:00.000 UTC,531872,4.7634467528250966,0.512674526473692
2024-06-01 00:00:00.000 UTC,487984,3.8084404742576683,0.424772131967613
2024-06-02 00:00:00.000 UTC,464346,6.098766703255843,0.484587839216985
2024-06-03 00:00:00.000 UTC,559215,11.261760106146793,0.538662853186073
2024-06-04 00:00:00.000 UTC,579010,15.281807185992934,0.398652754065557
2024-06-05 00:00:00.000 UTC,523325,18.024490884929712,0.460668361453965
2024-06-06 00:00:00.000 UTC,557473,17.915684415095367,0.49169877890034397
2024-06-07 00:00:00.000 UTC,549578,31.589747734894704,0.508307046351079
2024-06-08 00:00:00.000 UTC,481138,17.284556961689177,0.38656210373035
2024-06-09 00:00:00.000 UTC,446587,16.17376175797015,0.366580324686531
2024-06-10 00:00:00.000 UTC,541762,16.177436259316604,0.405547881847066
2024-06-11 00:00:00.000 UTC,577555,21.064943139868827,0.414555928516111
2024-06-12 00:00:00.000 UTC,603730,12.370232122746822,0.41462190996581993
2024-06-13 00:00:00.000 UTC,593424,5.513256383549485,0.342961765042279
2024-06-14 00:00:00.000 UTC,570942,5.643232250455362,0.309596717290859
2024-06-15 00:00:00.000 UTC,548123,5.885067337517948,0.257893949506338
2024-06-16 00:00:00.000 UTC,467175,3.075743968907209,0.14313960652201402
2024-06-17 00:00:00.000 UTC,575613,11.2968775741438,0.4826062925263146
2024-06-18 00:00:00.000 UTC,610728,23.755027075584668,0.350067926283684
2024-06-19 00:00:00.000 UTC,522810,20.16932396761606,0.341137593161132
2024-06-20 00:00:00.000 UTC,872290,27.96660639936181,433.5305215586211
2024-06-21 00:00:00.000 UTC,741448,19.21229943125974,0.43319868338046
2024-06-22 00:00:00.000 UTC,545510,16.500920660500128,0.336534443711418
2024-06-23 00:00:00.000 UTC,522712,16.57909825740886,0.332552117584512
2024-06-24 00:00:00.000 UTC,572663,24.60389207618586,0.348777351280776
2024-06-25 00:00:00.000 UTC,503158,17.549777575846147,0.343427618851718
2024-06-26 00:00:00.000 UTC,479951,14.541252282652582,0.317534919702263
2024-06-27 00:00:00.000 UTC,512523,4.929526953965003,0.203635797183843
2024-06-28 00:00:00.000 UTC,497040,4.9019004143973355,0.159462044646468
2024-06-29 00:00:00.000 UTC,452507,3.1514042372702606,0.14952526215978199
2024-06-30 00:00:00.000 UTC,462137,3.563296690782132,0.150093421433936
2024-07-01 00:00:00.000 UTC,473310,10.246713417051616,0.266772699611781
2024-07-02 00:00:00.000 UTC,491754,12.949393417811272,0.305994402498452
2024-07-03 00:00:00.000 UTC,502906,18.01588739072847,0.35349746986408204
2024-07-04 00:00:00.000 UTC,547265,21.387901315568616,0.337670865687388
2024-07-05 00:00:00.000 UTC,619348,39.59992088994542,0.345809853280448
2024-07-06 00:00:00.000 UTC,458990,17.922558968983022,0.300168069225488
2024-07-07 00:00:00.000 UTC,420802,17.750134487304365,0.297040791186512
2024-07-08 00:00:00.000 UTC,564199,19.766868067617985,0.312853501186395
2024-07-09 00:00:00.000 UTC,544104,18.23145931217435,0.322656563787417
2024-07-10 00:00:00.000 UTC,503743,16.279479923051817,0.317684556554428
2024-07-11 00:00:00.000 UTC,527476,6.010825473536548,0.152269047427614
2024-07-12 00:00:00.000 UTC,538127,5.160282983382043,0.132997296826257
2024-07-13 00:00:00.000 UTC,440561,2.66368046777316,0.138270113022064
2024-07-14 00:00:00.000 UTC,437099,4.9552915002500155,0.17853493719177999
2024-07-15 00:00:00.000 UTC,544613,13.842721864342888,0.27893855119572
2024-07-16 00:00:00.000 UTC,605740,15.6058454226098,0.335359748517834
2024-07-17 00:00:00.000 UTC,566551,17.849127223804047,0.346266435471063
2024-07-18 00:00:00.000 UTC,543321,17.108208693199582,0.338029838014247
2024-07-19 00:00:00.000 UTC,525648,16.90556857452996,0.31983197055683904
2024-07-20 00:00:00.000 UTC,488285,18.598577089310613,0.296628185117023
2024-07-21 00:00:00.000 UTC,538039,17.814343546238117,0.310825650149141
2024-07-22 00:00:00.000 UTC,544831,18.123109932806,0.310122621393495
2024-07-23 00:00:00.000 UTC,556459,17.561332384744652,0.297570242152365
2024-07-24 00:00:00.000 UTC,461504,17.104854589427543,0.297106773920772
2024-07-25 00:00:00.000 UTC,539360,10.666436611441885,0.211254382146268
2024-07-26 00:00:00.000 UTC,496541,4.685576519866524,0.250585590561198
2024-07-27 00:00:00.000 UTC,470369,4.5691701108546425,0.221857150789082
2024-07-28 00:00:00.000 UTC,392173,3.224020104809602,0.184548086246884
2024-07-29 00:00:00.000 UTC,485552,5.0791705413806225,0.225215857837201
2024-07-30 00:00:00.000 UTC,451263,4.168666449556638,0.21432075645586898
2024-07-31 00:00:00.000 UTC,471285,3.7883589757580953,0.19094369520755702
2024-08-01 00:00:00.000 UTC,549465,9.996463059274637,0.163166629627057
2024-08-02 00:00:00.000 UTC,538958,8.151721149081562,0.148952299421236
2024-08-03 00:00:00.000 UTC,499368,6.861677864509967,0.138418534870452
2024-08-04 00:00:00.000 UTC,508780,16.67532616206716,0.148188740984495
2024-08-05 00:00:00.000 UTC,861956,116.60164353944344,0.479942758290623
2024-08-06 00:00:00.000 UTC,640773,8.191245862348154,0.170448177687583
2024-08-07 00:00:00.000 UTC,586309,8.200251786887366,0.165691173427187
2024-08-08 00:00:00.000 UTC,571403,11.089160964622964,0.181738647958936
2024-08-09 00:00:00.000 UTC,544444,6.172048958670045,0.154018299816197
2024-08-10 00:00:00.000 UTC,426766,4.334822419084137,0.131249871287423
2024-08-11 00:00:00.000 UTC,462327,9.234754574725624,0.202547976855989
2024-08-12 00:00:00.000 UTC,546442,7.5853851832865855,0.263725160238858
2024-08-13 00:00:00.000 UTC,531192,6.4882909357567415,0.258891033830852
2024-08-14 00:00:00.000 UTC,521795,7.65240765866687,0.16285990550178
2024-08-15 00:00:00.000 UTC,544736,10.4899145234679,0.17173761332769502
2024-08-16 00:00:00.000 UTC,537108,7.807235790384159,0.169719226372332
2024-08-17 00:00:00.000 UTC,483058,3.7083877269150705,0.20019201122556501
2024-08-18 00:00:00.000 UTC,495361,4.534845714588731,0.212897474223714
2024-08-19 00:00:00.000 UTC,556390,7.875046419041624,0.224841684160833
2024-08-20 00:00:00.000 UTC,559290,5.81578425846478,0.28311905689140304
2024-08-21 00:00:00.000 UTC,559703,5.6615623958988905,0.246262162161242
2024-08-22 00:00:00.000 UTC,502156,5.113673883549259,0.195667264925276
2024-08-23 00:00:00.000 UTC,574125,7.912477417770491,0.243047025947634
2024-08-24 00:00:00.000 UTC,578238,6.0665388116063665,0.20466969403754598
2024-08-25 00:00:00.000 UTC,535646,3.928738981520228,0.145350219015701
2024-08-26 00:00:00.000 UTC,658698,9.700294038453732,0.220513546723068
2024-08-27 00:00:00.000 UTC,645745,15.366232538772488,0.2475293624496
2024-08-28 00:00:00.000 UTC,611074,15.17306867969721,0.221281602484873
2024-08-29 00:00:00.000 UTC,626645,8.828043730261065,0.167421438122726
2024-08-30 00:00:00.000 UTC,704422,5.983301871885798,0.147520225837812
2024-08-31 00:00:00.000 UTC,632423,2.1004553734542406,0.109384964454564
2024-09-01 00:00:00.000 UTC,673808,4.188074386870944,0.131360215474675
2024-09-02 00:00:00.000 UTC,696957,4.751748899267131,0.157538408627682
2024-09-03 00:00:00.000 UTC,711156,4.565604602916618,0.154787557066165
2024-09-04 00:00:00.000 UTC,720997,10.175407176455877,0.199138267400499
2024-09-05 00:00:00.000 UTC,729090,14.84634194447867,0.19751550818313302
2024-09-06 00:00:00.000 UTC,776760,18.076630513850603,0.21589721869588
2024-09-07 00:00:00.000 UTC,652221,5.3269955285155435,0.16658094209296098
2024-09-08 00:00:00.000 UTC,632565,6.749869929280786,0.163979236476647
2024-09-09 00:00:00.000 UTC,667398,11.508974102814465,0.203436181880812
2024-09-10 00:00:00.000 UTC,632867,9.61055989985656,0.192884993019497
2024-09-11 00:00:00.000 UTC,651039,10.54906114847379,0.175497711689084
2024-09-12 00:00:00.000 UTC,628727,8.820646637547615,0.18434924431645
2024-09-13 00:00:00.000 UTC,642052,10.065107524490712,0.177470367786705
2024-09-14 00:00:00.000 UTC,591646,4.814972917346611,0.152044254403464
2024-09-15 00:00:00.000 UTC,570507,7.2684624429249824,0.176323163066084
2024-09-16 00:00:00.000 UTC,607401,11.19117073111804,0.243311690020038
2024-09-17 00:00:00.000 UTC,619333,8.71739832400382,0.27959960618520197
2024-09-18 00:00:00.000 UTC,703139,8.986829843252114,0.261874089658421
2024-09-19 00:00:00.000 UTC,775434,19.66305508431516,0.281666985747294
2024-09-20 00:00:00.000 UTC,929929,9.785836499428756,0.33401207361907004
2024-09-21 00:00:00.000 UTC,802575,9.088421166138971,0.30807566601967296
2024-09-22 00:00:00.000 UTC,707853,6.355137862872002,0.260638624818688
2024-09-23 00:00:00.000 UTC,786620,9.748033396216307,0.353991661499488
2024-09-24 00:00:00.000 UTC,748904,8.62207792637879,0.32715062660025596
2024-09-25 00:00:00.000 UTC,814926,5.52432607130349,0.324639972910984
2024-09-26 00:00:00.000 UTC,843596,11.150432549281426,0.324909193651285
2024-09-27 00:00:00.000 UTC,912750,7.940975451833888,0.296846792818703
2024-09-28 00:00:00.000 UTC,773254,8.473011506319832,0.293361968430472
2024-09-29 00:00:00.000 UTC,753788,2.545119456861876,0.200493486795921
2024-09-30 00:00:00.000 UTC,817650,4.707348323742035,0.2256722749907
2024-10-01 00:00:00.000 UTC,809883,14.283398392232868,0.27157411047542
2024-10-02 00:00:00.000 UTC,872939,8.554620140323276,0.24609556120583098
2024-10-03 00:00:00.000 UTC,874380,8.024265320838898,0.227302513703177
2024-10-04 00:00:00.000 UTC,809578,4.293907172059871,0.194948023016003
2024-10-05 00:00:00.000 UTC,738337,1.759073041808531,0.182072789285332
2024-10-06 00:00:00.000 UTC,731260,2.030884487273281,0.18725248926930999
2024-10-07 00:00:00.000 UTC,813489,4.498679746985217,0.2857863009021
2024-10-08 00:00:00.000 UTC,827049,4.054614847964209,0.28057570031396095
2024-10-09 00:00:00.000 UTC,845211,5.374124540023662,0.312004016058235
2024-10-10 00:00:00.000 UTC,835818,5.58348242185233,0.26211843059683904
2024-10-11 00:00:00.000 UTC,836833,5.75922622321498,0.315914341751732
2024-10-12 00:00:00.000 UTC,785588,2.501647808799612,0.24724368265844898
2024-10-13 00:00:00.000 UTC,777294,2.6432946371686636,0.223743586691023
2024-10-14 00:00:00.000 UTC,920910,8.044573761934698,0.316801388454038
2024-10-15 00:00:00.000 UTC,986395,10.57132545435006,0.303868747678231
2024-10-16 00:00:00.000 UTC,912370,6.601691915172418,0.261372557177187
2024-10-17 00:00:00.000 UTC,1.001045e+06,5.528440558312503,0.297712426768011
2024-10-18 00:00:00.000 UTC,898300,4.746897971761283,0.275779641326794
2024-10-19 00:00:00.000 UTC,706089,2.410509933704517,0.173834203362486
2024-10-20 00:00:00.000 UTC,627240,3.5048473230138257,0.14729789892357
2024-10-21 00:00:00.000 UTC,649834,4.939724877958087,0.158219047163004
2024-10-22 00:00:00.000 UTC,675611,4.376072798362557,0.6794106326600232
2024-10-23 00:00:00.000 UTC,856775,5.798345902434734,0.225450975004653
2024-10-24 00:00:00.000 UTC,947745,3.2307483551902796,0.22507841921456098
2024-10-25 00:00:00.000 UTC,973359,5.964147842986865,0.229209711788128
2024-10-26 00:00:00.000 UTC,776924,4.20038252017577,0.158426163508669
2024-10-27 00:00:00.000 UTC,698542,1.7522599515326378,0.137915331576104
2024-10-28 00:00:00.000 UTC,847887,4.7649152806248365,0.21487597766946098
2024-10-29 00:00:00.000 UTC,952061,4.3988932435522194,0.47472940379529427
2024-10-30 00:00:00.000 UTC,866847,4.952833716391896,0.464652501083819
2024-10-31 00:00:00.000 UTC,799086,4.519082140866254,1.0229750216703837
2024-11-01 00:00:00.000 UTC,806073,4.609527217034013,0.5114148463853191
2024-11-02 00:00:00.000 UTC,773053,2.3611252246755297,0.28888335710420526
2024-11-03 00:00:00.000 UTC,886897,3.8675696821334333,0.2625525889764846
2024-11-04 00:00:00.000 UTC,730063,4.319837103063063,0.7141029507911182
2024-11-05 00:00:00.000 UTC,734367,4.408484127975244,0.5721227604620459
2024-11-06 00:00:00.000 UTC,923189,9.926455948411569,1.164121512817435
2024-11-07 00:00:00.000 UTC,944650,7.433877943613064,0.2949140096450828
2024-11-08 00:00:00.000 UTC,979922,5.97830475347415,0.21704520248881998
2024-11-09 00:00:00.000 UTC,866521,5.57019839231861,0.8475600696195342
2024-11-10 00:00:00.000 UTC,976323,9.989295533337001,1.1069954327202423
2024-11-11 00:00:00.000 UTC,997233,10.518689934853922,3.0294961349788143
2024-11-12 00:00:00.000 UTC,1.115975e+06,14.027210634849304,2.4480348322005963
2024-11-13 00:00:00.000 UTC,1.046864e+06,12.360398433056318,1.25306393189608
2024-11-14 00:00:00.000 UTC,1.006797e+06,8.023653162171446,0.30725428277512
2024-11-15 00:00:00.000 UTC,950693,5.834728187571229,1.6175524094998086
2024-11-16 00:00:00.000 UTC,862450,4.760674737123625,1.8820205768316403
2024-11-17 00:00:00.000 UTC,883364,5.8775094108446435,1.441275277626369
2024-11-18 00:00:00.000 UTC,972208,6.66483811667399,0.8118629716254969
2024-11-19 00:00:00.000 UTC,913459,4.867243851493797,0.9470039790996914
2024-11-20 00:00:00.000 UTC,964594,5.398467298753394,0.6054829314997515
2024-11-21 00:00:00.000 UTC,1.117344e+06,11.585084380156106,1.256475803692583
2024-11-22 00:00:00.000 UTC,1.041003e+06,9.235149060076402,0.9471734446492476
2024-11-23 00:00:00.000 UTC,1.022511e+06,7.418427332932333,1.0153974519558049
2024-11-24 00:00:00.000 UTC,936727,5.545657626381347,2.2814608237928824
2024-11-25 00:00:00.000 UTC,919545,11.614339570671808,15.151034669464778
2024-11-26 00:00:00.000 UTC,896583,8.426001922834063,8.818828259559007
2024-11-27 00:00:00.000 UTC,1.183488e+06,6.935585010391165,3.130231789770509
2024-11-28 00:00:00.000 UTC,839083,6.172137854101463,7.614941126358038
2024-11-29 00:00:00.000 UTC,955794,3.864387691885733,0.1794885261040824
2024-11-30 00:00:00.000 UTC,994220,4.329969493649168,1.4955492209136998
2024-12-01 00:00:00.000 UTC,950098,3.656393177540502,1.2941749259610587
2024-12-02 00:00:00.000 UTC,1.115447e+06,8.265279199578067,1.8176270742484546
2024-12-03 00:00:00.000 UTC,1.084432e+06,6.711018589434372,0.8481099313100783
2024-12-04 00:00:00.000 UTC,1.125256e+06,8.494873134781091,4.551127821375581
2024-12-05 00:00:00.000 UTC,1.019182e+06,12.026024188803207,5.446662576019603
2024-12-06 00:00:00.000 UTC,1.016749e+06,6.117931742877761,6.417712139115978
2024-12-07 00:00:00.000 UTC,994247,2.2703727047891924,2.9102687675770778
2024-12-08 00:00:00.000 UTC,969963,2.2408858637934896,0.3884337074011842
2024-12-09 00:00:00.000 UTC,1.105927e+06,12.58001054916478,1.572856424211111
2024-12-10 00:00:00.000 UTC,1.158741e+06,8.242415349135223,3.526504092653543
2024-12-11 00:00:00.000 UTC,1.075423e+06,4.897417346088788,0.9035290942896319
2024-12-12 00:00:00.000 UTC,1.091745e+06,7.523813922786082,5.1896087237439135
2024-12-13 00:00:00.000 UTC,1.107096e+06,27.930038057538134,6.0083012660327135
2024-12-14 00:00:00.000 UTC,1.0322e+06,3.4685458721047633,2.64203448507557
2024-12-15 00:00:00.000 UTC,979519,2.8591294499166766,1.7793463395330662
2024-12-16 00:00:00.000 UTC,954295,5.052324404342534,4.106046269660536
2024-12-17 00:00:00.000 UTC,1.137954e+06,5.436469303187203,0.757511085034077
2024-12-18 00:00:00.000 UTC,1.139767e+06,9.267556329874331,0.2906490152345764
2024-12-19 00:00:00.000 UTC,1.170401e+06,13.610298073076267,25.428364380007622
2024-12-20 00:00:00.000 UTC,1.138409e+06,14.71654829192349,9.893718111229301
2024-12-21 00:00:00.000 UTC,1.199047e+06,5.4871959259404735,0.7515631576880917
2024-12-22 00:00:00.000 UTC,1.153704e+06,4.313901315460602,0.3535016086192848
2024-12-23 00:00:00.000 UTC,1.104482e+06,6.298390561660009,2.715097293817765
2024-12-24 00:00:00.000 UTC,1.026873e+06,3.830281181485137,3.6372256812140558
2024-12-25 00:00:00.000 UTC,931406,2.6181247856259784,0.8009624857208393
2024-12-26 00:00:00.000 UTC,838692,4.2128095238780086,4.78842716039046
2024-12-27 00:00:00.000 UTC,743656,4.465266236372886,4.0871855535431365
2024-12-28 00:00:00.000 UTC,785817,2.566275303022765,4.238384187605995
2024-12-29 00:00:00.000 UTC,685782,2.028071712566671,2.868940604234602
2024-12-30 00:00:00.000 UTC,888891,3.727626100600441,6.7401506731059175
2024-12-31 00:00:00.000 UTC,769443,2.9083778451240203,7.225421804509036
2025-01-01 00:00:00.000 UTC,667417,2.9278850867577324,0.157966483029651
2025-01-02 00:00:00.000 UTC,877279,3.5805741829622537,0.23390643463943894
2025-01-03 00:00:00.000 UTC,825000,2.8687765074708014,2.1374436379936506
2025-01-04 00:00:00.000 UTC,901190,2.868289082709119,0.4026294967876811
2025-01-05 00:00:00.000 UTC,784736,2.0729832244372948,0.17499312700739172
2025-01-06 00:00:00.000 UTC,726032,3.468044439718914,7.429799940904392
2025-01-07 00:00:00.000 UTC,856002,5.791703198253221,5.308434015337993
2025-01-08 00:00:00.000 UTC,840937,6.774187158734875,4.535458261195346
2025-01-09 00:00:00.000 UTC,798814,4.424627193955493,3.9479713941455787
2025-01-10 00:00:00.000 UTC,820877,4.370348607979245,2.5993847240652985
2025-01-11 00:00:00.000 UTC,797256,1.8855711951420429,0.24301755221007482
2025-01-12 00:00:00.000 UTC,755623,1.759458364404225,0.5625381859705716
2025-01-13 00:00:00.000 UTC,1.186046e+06,7.3061766405869975,6.982849267758836
2025-01-14 00:00:00.000 UTC,859720,4.858559428474791,2.216623992770974
2025-01-15 00:00:00.000 UTC,747089,8.20376236920426,6.301863784170673
2025-01-16 00:00:00.000 UTC,743372,4.303863268352871,6.60944268435568
2025-01-17 00:00:00.000 UTC,723184,4.328991622459276,4.948223359431084
2025-01-18 00:00:00.000 UTC,731949,5.034656140341688,3.558743137896019
2025-01-19 00:00:00.000 UTC,1.25734e+06,11.950134764153008,0.469840994799257
2025-01-20 00:00:00.000 UTC,1.035935e+06,13.625031238984684,12.22395895041714
2025-01-21 00:00:00.000 UTC,880014,5.586618100782241,4.018461647014586
2025-01-22 00:00:00.000 UTC,759023,2.8752383004543436,1.0051753896106368
2025-01-23 00:00:00.000 UTC,814115,7.0404605510452765,4.795402942138439
2025-01-24 00:00:00.000 UTC,796357,3.926317857339472,1.3155355973876408
2025-01-25 00:00:00.000 UTC,786520,2.3123819169551276,0.3225300056941102
2025-01-26 00:00:00.000 UTC,734037,2.0841611761283145,0.27792344973356053
2025-01-27 00:00:00.000 UTC,947870,8.680034315404317,3.691788200021364
2025-01-28 00:00:00.000 UTC,700932,3.2726313224821166,3.3051756056299837
2025-01-29 00:00:00.000 UTC,819397,3.9315045870354863,1.9462857171006482
2025-01-30 00:00:00.000 UTC,878624,2.8841721756999092,0.17184791965480664
2025-01-31 00:00:00.000 UTC,844754,3.8861267143969855,1.463245775859049
2025-02-01 00:00:00.000 UTC,870569,3.015314583086,0.17831942890492283
2025-02-02 00:00:00.000 UTC,1.134791e+06,12.047992663862285,3.302647738678128
2025-02-03 00:00:00.000 UTC,1.761928e+06,42.79814792590841,1.081495775483837
2025-02-04 00:00:00.000 UTC,1.069386e+06,4.984349877159891,3.24846038897361
2025-02-05 00:00:00.000 UTC,914658,4.07130770231803,0.883137485391193
2025-02-06 00:00:00.000 UTC,945930,3.8825256079599315,1.370817867494839
2025-02-07 00:00:00.000 UTC,1.101326e+06,3.897483533298669,1.2354372844536283
2025-02-08 00:00:00.000 UTC,904991,2.034121638564688,0.1471282963279658
2025-02-09 00:00:00.000 UTC,920585,4.053584042650213,0.161598657456882
2025-02-10 00:00:00.000 UTC,871770,2.9651621682450533,1.2107041985575375
2025-02-11 00:00:00.000 UTC,899272,2.8064828018562613,0.9537690849055803
2025-02-12 00:00:00.000 UTC,799300,5.126917656577749,2.6320444125835807
2025-02-13 00:00:00.000 UTC,835104,3.549690248117194,1.6397391496141391
2025-02-14 00:00:00.000 UTC,842046,2.9850811934733774,1.1575652472912978
2025-02-15 00:00:00.000 UTC,795552,1.8377822426070087,0.11409932702015499
2025-02-16 00:00:00.000 UTC,698240,1.9542141512943443,0.16605821995133957
2025-02-17 00:00:00.000 UTC,810113,3.5746878027724662,1.5808338273188098
2025-02-18 00:00:00.000 UTC,909049,3.775014307842838,1.1582827967099596
2025-02-19 00:00:00.000 UTC,1.161781e+06,2.497509543301992,0.21403622019288607
2025-02-20 00:00:00.000 UTC,904470,2.4328113831377998,0.8343378576779382
2025-02-21 00:00:00.000 UTC,1.011533e+06,8.141695902609644,5.719190906313227
2025-02-22 00:00:00.000 UTC,913507,3.500952079036524,1.0623720712767848
2025-02-23 00:00:00.000 UTC,993771,2.4064208472524102,0.13899992000145703
2025-02-24 00:00:00.000 UTC,1.208693e+06,6.84160522772357,2.34291453720991
2025-02-25 00:00:00.000 UTC,1.177497e+06,20.28764145704898,5.329206424834633
2025-02-26 00:00:00.000 UTC,952727,8.573944356234758,6.391976147975955
2025-02-27 00:00:00.000 UTC,954589,5.893424946693974,0.7564597261826558
2025-02-28 00:00:00.000 UTC,1.048049e+06,13.375341564770228,2.4419241948967683
2025-03-01 00:00:00.000 UTC,1.029402e+06,2.527345162704522,0.15437925294757
2025-03-02 00:00:00.000 UTC,1.118235e+06,9.000202711428733,0.46884980787733066
2025-03-03 00:00:00.000 UTC,1.008483e+06,7.847865372968763,2.636504450756674
2025-03-04 00:00:00.000 UTC,1.161484e+06,10.28453728457175,2.2681704898798767
2025-03-05 00:00:00.000 UTC,973711,4.472911833144637,0.5548969354921445
2025-03-06 00:00:00.000 UTC,911326,3.2746282100286135,0.23634419624553255
2025-03-07 00:00:00.000 UTC,938053,5.939195417272888,0.8118537191487408
2025-03-08 00:00:00.000 UTC,746897,1.8710847472458603,0.10381993764498844
2025-03-09 00:00:00.000 UTC,880833,5.056793696233039,0.7259775091451975
2025-03-10 00:00:00.000 UTC,979051,20.056203116684436,26.757220839621713
2025-03-11 00:00:00.000 UTC,919525,15.555708804161082,2.415101751286999
2025-03-12 00:00:00.000 UTC,819554,5.254701798771142,1.3306104934466985
2025-03-13 00:00:00.000 UTC,801812,3.466076362300536,0.9872896585880369
2025-03-14 00:00:00.000 UTC,775620,2.1611153584772316,0.3733943224751381
2025-03-15 00:00:00.000 UTC,752026,1.5456223501669173,0.1424069788611763
2025-03-16 00:00:00.000 UTC,730945,2.054243598228561,0.11127677878251588
2025-03-17 00:00:00.000 UTC,767683,2.069028150657995,0.8620552640144222
2025-03-18 00:00:00.000 UTC,777210,1.6606793011822871,0.1362556943514915
2025-03-19 00:00:00.000 UTC,824742,3.2394300013375688,0.194127231309976
2025-03-20 00:00:00.000 UTC,814761,1.7890637183864564,0.119856028935292
2025-03-21 00:00:00.000 UTC,1.718793e+06,1.4583871851000274,0.250733504085968
2025-03-22 00:00:00.000 UTC,1.508909e+06,1.232760527211995,0.2610273089837014
2025-03-23 00:00:00.000 UTC,1.100695e+06,1.346967408775267,0.131916635778874
2025-03-24 00:00:00.000 UTC,1.191891e+06,1.8059800357912785,0.14239287351084198
2025-03-25 00:00:00.000 UTC,1.112522e+06,1.4301111691182844,0.13671092212718802
2025-03-26 00:00:00.000 UTC,1.100832e+06,1.7465902093584984,0.171199515259273
2025-03-27 00:00:00.000 UTC,1.19126e+06,1.5051486380670422,0.141421345005322
2025-03-28 00:00:00.000 UTC,1.029965e+06,2.6400852443002356,0.374342663205114
2025-03-29 00:00:00.000 UTC,1.016299e+06,1.7750965629017492,0.16088359671960922
2025-03-30 00:00:00.000 UTC,1.125803e+06,1.7790124514946841,0.155085470197354
2025-03-31 00:00:00.000 UTC,1.036999e+06,2.9040064544712716,0.5837594845688964
2025-04-01 00:00:00.000 UTC,914104,2.1911590341720957,1.1995433315629533
2025-04-02 00:00:00.000 UTC,1.008353e+06,4.340420977520298,0.196256627618118
2025-04-03 00:00:00.000 UTC,996625,4.428813114210379,0.16756750093763814
2025-04-04 00:00:00.000 UTC,856716,3.294827377562969,0.16335599753778898
2025-04-05 00:00:00.000 UTC,785294,1.076257772912448,0.099591664191858
2025-04-06 00:00:00.000 UTC,1.095935e+06,22.208907908629715,1.5137345463385958
2025-04-07 00:00:00.000 UTC,1.142845e+06,25.16356110687648,7.209251783253974
2025-04-08 00:00:00.000 UTC,1.186851e+06,6.593771912132004,2.8542273795385675
2025-04-09 00:00:00.000 UTC,1.157074e+06,10.759984399734803,0.9865630749921283
2025-04-10 00:00:00.000 UTC,1.024233e+06,4.67995111907472,8.831990173900596
2025-04-11 00:00:00.000 UTC,931107,3.268877104745125,0.7422082345816223
2025-04-12 00:00:00.000 UTC,900479,2.3275295599066315,0.6755762315909304
2025-04-13 00:00:00.000 UTC,986346,3.1831418033490158,0.16374890117778398
2025-04-14 00:00:00.000 UTC,973849,8.390012834392644,0.4699678975542025
2025-04-15 00:00:00.000 UTC,1.408836e+06,17.607461898631467,1.525322524252376
2025-04-16 00:00:00.000 UTC,1.011768e+06,6.652794911735095,1.520180448093088
2025-04-17 00:00:00.000 UTC,868108,3.2335595107721105,3.2902642976208094
2025-04-18 00:00:00.000 UTC,869920,2.3567253281097846,2.4029289903451163
2025-04-19 00:00:00.000 UTC,888696,1.6878177580740137,0.12049485660552436
2025-04-20 00:00:00.000 UTC,915109,1.9902579217903598,0.119092577502478
2025-04-21 00:00:00.000 UTC,956134,3.420246752560583,0.5278898748191563
2025-04-22 00:00:00.000 UTC,909162,5.470685572947609,7.9151657551967185
2025-04-23 00:00:00.000 UTC,821593,3.6408422594166745,7.98543908438069
2025-04-24 00:00:00.000 UTC,1.000426e+06,2.7503838074613354,1.402666590816984
2025-04-25 00:00:00.000 UTC,914163,2.8038692885613004,3.513305902691128
2025-04-26 00:00:00.000 UTC,815483,2.614776589775079,0.522905285107978
2025-04-27 00:00:00.000 UTC,829956,2.1436425963538057,0.4201034701631437
2025-04-28 00:00:00.000 UTC,811326,2.6265560270367487,1.9358987217205563
2025-04-29 00:00:00.000 UTC,825008,2.241669633485589,1.2446930161425351
2025-04-30 00:00:00.000 UTC,839277,2.1352094133080524,4.343431866023127
2025-05-01 00:00:00.000 UTC,847338,3.1235742095468795,2.008848648763868
2025-05-02 00:00:00.000 UTC,864688,1.8854585931783086,1.1665801696916032
2025-05-03 00:00:00.000 UTC,788455,1.8312071876441722,0.14888056379102507
2025-05-04 00:00:00.000 UTC,761565,1.8590953406087398,0.22860754425485674
2025-05-05 00:00:00.000 UTC,798711,1.7240105833829376,0.4165940909703764
2025-05-06 00:00:00.000 UTC,906765,1.9476500331284432,0.5464532411660534
2025-05-07 00:00:00.000 UTC,912719,4.322804892983972,0.2204672651260652
2025-05-08 00:00:00.000 UTC,1.096174e+06,4.421587172925479,0.22935344424063198
2025-05-09 00:00:00.000 UTC,1.234951e+06,5.077597405789859,0.286525903449097
2025-05-10 00:00:00.000 UTC,1.181713e+06,4.4832033829640325,0.215406574153311
2025-05-11 00:00:00.000 UTC,988862,3.903442523079054,0.196326321323187
2025-05-12 00:00:00.000 UTC,1.011323e+06,3.964252005942764,0.22762379042508
2025-05-13 00:00:00.000 UTC,987082,3.600530636162469,0.220159600086087
2025-05-14 00:00:00.000 UTC,974414,2.8224234923949867,0.270159997891047
2025-05-15 00:00:00.000 UTC,986424,7.8289145586766224,0.223596929090073
2025-05-16 00:00:00.000 UTC,971790,2.379993172853746,0.189855647227287
2025-05-17 00:00:00.000 UTC,932733,1.8642096105104724,0.169758031750686
2025-05-18 00:00:00.000 UTC,1.003452e+06,2.9993173674222353,0.200507414257351
2025-05-19 00:00:00.000 UTC,1.069589e+06,3.3093385538976823,0.214939497325928
2025-05-20 00:00:00.000 UTC,1.109737e+06,2.403252848583838,0.21201738133895098
2025-05-21 00:00:00.000 UTC,1.074763e+06,3.7624666789186816,0.393702995546133
2025-05-22 00:00:00.000 UTC,1.104482e+06,3.832420896342759,0.3678566215663
2025-05-23 00:00:00.000 UTC,1.114616e+06,3.91801465942157,0.340332932046572
2025-05-24 00:00:00.000 UTC,1.014509e+06,1.7098769295114806,0.305413140701469
2025-05-25 00:00:00.000 UTC,1.0114e+06,1.8896541992043494,0.282109147613066
2025-05-26 00:00:00.000 UTC,1.062222e+06,2.04829999664008,0.267598716034254
2025-05-27 00:00:00.000 UTC,1.137298e+06,2.563505910531798,0.282628694077751
2025-05-28 00:00:00.000 UTC,997299,2.9677567698677465,0.371560465090782
2025-05-29 00:00:00.000 UTC,1.066103e+06,2.8037872504690156,0.444299092346565
2025-05-30 00:00:00.000 UTC,1.226908e+06,3.1221047266901554,0.665848573271556
2025-05-31 00:00:00.000 UTC,964611,3.205578949056673,0.30530385933078
2025-06-01 00:00:00.000 UTC,776280,1.3645944723251655,0.132121171340364
2025-06-02 00:00:00.000 UTC,792258,1.7725629886059153,0.132040077823947
2025-06-03 00:00:00.000 UTC,859914,1.717826482848108,0.217278235207356
2025-06-04 00:00:00.000 UTC,984047,1.8491228821374766,0.23699238814641901
2025-06-05 00:00:00.000 UTC,1.037886e+06,4.842506615987594,0.351314483884424
2025-06-06 00:00:00.000 UTC,1.006464e+06,2.0868382566979733,0.732490372901486
2025-06-07 00:00:00.000 UTC,1.074584e+06,1.025248244029182,0.17505989710498698
2025-06-08 00:00:00.000 UTC,887797,0.8998953626243054,0.15424682755331098
2025-06-09 00:00:00.000 UTC,1.050306e+06,1.5143333270180726,0.179395453930941
2025-06-10 00:00:00.000 UTC,1.088677e+06,2.898846641939247,0.285840704048276
2025-06-11 00:00:00.000 UTC,1.251625e+06,2.9597232912253393,0.251078883779145
2025-06-12 00:00:00.000 UTC,1.240591e+06,2.497214358671198,0.282664336984986
2025-06-13 00:00:00.000 UTC,1.188007e+06,4.679568115687351,0.379847468031069
2025-06-14 00:00:00.000 UTC,1.062458e+06,1.3575124068172013,0.180176275203879
2025-06-15 00:00:00.000 UTC,1.108594e+06,1.2850687588956313,0.364014138329189
2025-06-16 00:00:00.000 UTC,1.495751e+06,2.395187753188461,0.289042628895359
2025-06-17 00:00:00.000 UTC,1.406274e+06,3.2940453617203898,0.264897870240294
2025-06-18 00:00:00.000 UTC,1.402081e+06,2.1070252855078384,0.262662277679963
2025-06-19 00:00:00.000 UTC,1.185156e+06,1.463915104297485,0.25795528226684
2025-06-20 00:00:00.000 UTC,1.237161e+06,2.7867812090104094,0.348776957600733
2025-06-21 00:00:00.000 UTC,1.255071e+06,4.734278821652856,0.27990090682899305
2025-06-22 00:00:00.000 UTC,1.479196e+06,4.261484245468441,0.29243659525050597
2025-06-23 00:00:00.000 UTC,1.211872e+06,3.104943475781742,0.259998315283898
2025-06-24 00:00:00.000 UTC,1.245629e+06,2.4011487119576453,0.244943891035464
2025-06-25 00:00:00.000 UTC,1.208301e+06,1.9198515683353077,0.21301133254208798
2025-06-26 00:00:00.000 UTC,1.232186e+06,2.070531967711802,0.22574948189206798
2025-06-27 00:00:00.000 UTC,1.339623e+06,1.6418758836333085,0.212888078194821
2025-06-28 00:00:00.000 UTC,1.227687e+06,0.8841740041283268,0.225593710371266
2025-06-29 00:00:00.000 UTC,1.234483e+06,1.3523264777033999,0.27705768011639104
2025-06-30 00:00:00.000 UTC,1.324143e+06,1.8834789790954096,0.33336244270565996
2025-07-01 00:00:00.000 UTC,1.329057e+06,1.723715576501998,0.34185954138665997
2025-07-02 00:00:00.000 UTC,1.438191e+06,2.1549315629165497,0.41021350924515
2025-07-03 00:00:00.000 UTC,1.075903e+06,1.796154685957907,0.297382405366326
2025-07-04 00:00:00.000 UTC,1.127375e+06,2.7555410688792463,0.308287638448244
2025-07-05 00:00:00.000 UTC,1.179306e+06,0.940700597978367,0.499315203549255
2025-07-06 00:00:00.000 UTC,1.143748e+06,1.3002889804549882,0.42240979906316395
2025-07-07 00:00:00.000 UTC,1.157425e+06,5.97517029611741,0.31277332295577903
2025-07-08 00:00:00.000 UTC,1.119576e+06,1.504507850669115,0.31265314872295197
2025-07-09 00:00:00.000 UTC,1.183722e+06,2.152948679435927,0.30986790489125
2025-07-10 00:00:00.000 UTC,1.194016e+06,3.472036307353244,0.40330758748491
2025-07-11 00:00:00.000 UTC,1.246902e+06,3.1175233708505177,0.30014912046991504
2025-07-12 00:00:00.000 UTC,1.218258e+06,2.1666994378939135,0.49123064577837605
2025-07-13 00:00:00.000 UTC,1.190297e+06,1.858324264969312,0.39162396728176496
2025-07-14 00:00:00.000 UTC,1.201922e+06,5.7679820523900975,0.28633413738473396
2025-07-15 00:00:00.000 UTC,1.357667e+06,3.2362205795230023,0.30600291794077095
2025-07-16 00:00:00.000 UTC,1.287848e+06,4.168122048121159,0.37645017414570003
2025-07-17 00:00:00.000 UTC,1.323606e+06,4.399783679468437,0.37312237971349205
2025-07-18 00:00:00.000 UTC,1.5143e+06,4.663547266829094,0.5898224634870419
2025-07-19 00:00:00.000 UTC,1.102734e+06,1.9940267980936484,0.399831947048978
2025-07-20 00:00:00.000 UTC,1.290516e+06,3.9248401518085974,0.536900906140811
2025-07-21 00:00:00.000 UTC,2.015314e+06,3.285961015940056,0.511377704746974
2025-07-22 00:00:00.000 UTC,1.975709e+06,4.18007811954109,0.703174762944432
2025-07-23 00:00:00.000 UTC,2.026032e+06,3.576283574890986,0.423324303369207
2025-07-24 00:00:00.000 UTC,1.432745e+06,3.0716863838400164,0.417815535797328
2025-07-25 00:00:00.000 UTC,1.630457e+06,2.864058708071174,0.310502067266874
2025-07-26 00:00:00.000 UTC,1.585178e+06,1.4230594180547786,0.31190300305587
2025-07-27 00:00:00.000 UTC,1.597711e+06,1.44771124472351,0.312743736304746
2025-07-28 00:00:00.000 UTC,2.152536e+06,4.111594786742183,0.35683379310859803
2025-07-29 00:00:00.000 UTC,1.754752e+06,2.083732905001417,0.29061856014410997
2025-07-30 00:00:00.000 UTC,1.294012e+06,2.266658669619567,0.22293747934633198
2025-07-31 00:00:00.000 UTC,1.131378e+06,1.7239643634241315,0.257411883888838
2025-08-01 00:00:00.000 UTC,1.408793e+06,4.5035425919082765,0.6228626585205089
2025-08-02 00:00:00.000 UTC,1.056528e+06,2.2328424452110864,0.32815242568880704
2025-08-03 00:00:00.000 UTC,959437,1.062293138533072,0.16257488352017602
2025-08-04 00:00:00.000 UTC,992820,1.7663172785517272,0.26313377780655
2025-08-05 00:00:00.000 UTC,1.032673e+06,1.684515050199326,0.208660140583884
2025-08-06 00:00:00.000 UTC,1.017157e+06,1.518120791030353,0.260120041266528
2025-08-07 00:00:00.000 UTC,1.027892e+06,2.014164720189387,0.339718882966092
2025-08-08 00:00:00.000 UTC,1.063076e+06,3.4353774773606696,0.9138664404571141
2025-08-09 00:00:00.000 UTC,1.520658e+06,2.988991652747462,0.23815266125297702
2025-08-10 00:00:00.000 UTC,1.644452e+06,2.7715685210803613,0.2797734541263
2025-08-11 00:00:00.000 UTC,1.120187e+06,2.537647510688369,0.24420556715550001
2025-08-12 00:00:00.000 UTC,1.107921e+06,2.6924519598427823,0.282561231081534
2025-08-13 00:00:00.000 UTC,1.162057e+06,2.8969312688134496,0.25687723443075
2025-08-14 00:00:00.000 UTC,1.101777e+06,7.81194803968778,0.409079348346258
2025-08-15 00:00:00.000 UTC,1.192001e+06,2.0382126783945105,0.27513101453772
2025-08-16 00:00:00.000 UTC,1.130816e+06,3.5014363683009218,0.324211034415357
2025-08-17 00:00:00.000 UTC,984694,1.3042482330848597,0.26564857342647896
2025-08-18 00:00:00.000 UTC,1.252166e+06,2.4782510332626697,0.285434552976315
2025-08-19 00:00:00.000 UTC,1.133529e+06,1.996506271763349,0.25551129887865903
2025-08-20 00:00:00.000 UTC,1.108986e+06,1.8277016662347407,0.258584983662894
2025-08-21 00:00:00.000 UTC,1.13771e+06,1.5582260842629125,0.215874448764573
2025-08-22 00:00:00.000 UTC,1.241664e+06,3.8504553677287756,0.39198647098244405
2025-08-23 00:00:00.000 UTC,1.081464e+06,1.4406760124851299,0.169753808021301
2025-08-24 00:00:00.000 UTC,2.351977e+06,2.5712806506194337,0.351598246411251
2025-08-25 00:00:00.000 UTC,1.237142e+06,2.776513409077037,0.28098387753863396
2025-08-26 00:00:00.000 UTC,1.235594e+06,2.0701129068457296,0.239999392280316
2025-08-27 00:00:00.000 UTC,1.30931e+06,2.1576330975738083,0.22110476222995498
2025-08-28 00:00:00.000 UTC,1.2254e+06,1.3736982761688847,0.184886513910849
2025-08-29 00:00:00.000 UTC,1.441139e+06,2.0361416437730995,0.20727712464342
2025-08-30 00:00:00.000 UTC,1.079423e+06,0.9375011817476469,0.148329458115467
2025-08-31 00:00:00.000 UTC,1.111575e+06,1.0650070635170859,0.144846069937125
2025-09-01 00:00:00.000 UTC,1.157155e+06,1.6580120989077558,0.17516872682526002
2025-09-02 00:00:00.000 UTC,1.228765e+06,1.2455902502786296,0.164107414274013
2025-09-03 00:00:00.000 UTC,1.150425e+06,0.8871232492577696,0.15064034916441202
2025-09-04 00:00:00.000 UTC,1.185183e+06,0.9906912790121047,0.16634583777918302
2025-09-05 00:00:00.000 UTC,1.331119e+06,9.567476582532457,0.23013609858446102
2025-09-06 00:00:00.000 UTC,1.037151e+06,0.7674086573774233,0.137519390069115
2025-09-07 00:00:00.000 UTC,1.057581e+06,0.6123401981184918,0.146350737967689
2025-09-08 00:00:00.000 UTC,1.229966e+06,1.3358087777199958,0.211008361646082
2025-09-09 00:00:00.000 UTC,1.351713e+06,2.6274081362714563,0.264995915721501
2025-09-10 00:00:00.000 UTC,1.186248e+06,1.1506334377565561,0.20567348463961999
2025-09-11 00:00:00.000 UTC,1.293738e+06,1.5490888641843157,0.26501694382017604
2025-09-12 00:00:00.000 UTC,1.139873e+06,2.452440260068991,0.227939974247433
2025-09-13 00:00:00.000 UTC,1.022845e+06,0.9644962118408348,0.155799989559201
2025-09-14 00:00:00.000 UTC,909627,0.9045704970200326,0.14055062517942898
2025-09-15 00:00:00.000 UTC,1.076009e+06,1.0792598455497258,0.302300083446504
2025-09-16 00:00:00.000 UTC,1.118535e+06,0.9741745516862795,0.19191576830159102
2025-09-17 00:00:00.000 UTC,1.319682e+06,2.1699026638806513,0.394908785170005
2025-09-18 00:00:00.000 UTC,1.230488e+06,1.732072912733051,0.459532364532546
2025-09-19 00:00:00.000 UTC,1.136896e+06,1.0536395594227779,0.282431287959183
2025-09-20 00:00:00.000 UTC,1.108192e+06,0.5411130058348447,0.21638601058504803
2025-09-21 00:00:00.000 UTC,1.348732e+06,0.8416029267403282,0.34372888980809696
2025-09-22 00:00:00.000 UTC,1.631537e+06,4.22998442770994,0.9090348828402479
2025-09-23 00:00:00.000 UTC,1.433726e+06,1.1580811469802161,0.480491795873283
2025-09-24 00:00:00.000 UTC,1.470646e+06,1.2846678141500956,0.7605594872255701
2025-09-25 00:00:00.000 UTC,1.845434e+06,3.141539837017997,1.267150783658775
2025-09-26 00:00:00.000 UTC,1.510106e+06,1.8671142458871066,0.444310585265676
2025-09-27 00:00:00.000 UTC,1.208916e+06,1.3164239597343843,0.23619129616726497
2025-09-28 00:00:00.000 UTC,1.239869e+06,1.241288196164327,0.172785584070867
2025-09-29 00:00:00.000 UTC,1.145803e+06,1.4327097116232677,0.223676179925364
2025-09-30 00:00:00.000 UTC,1.283607e+06,1.0363744236575192,0.241883864230998
2025-10-01 00:00:00.000 UTC,1.209271e+06,1.069201598650054,0.534062849431284
2025-10-02 00:00:00.000 UTC,1.292312e+06,1.1310143407363367,0.320781771431913
2025-10-03 00:00:00.000 UTC,1.271904e+06,1.0669541441807358,0.42262017510331795
2025-10-04 00:00:00.000 UTC,1.281149e+06,0.7963254156107252,0.574179838277592
2025-10-05 00:00:00.000 UTC,1.842303e+06,1.2237118969721317,0.481522164203406
2025-10-06 00:00:00.000 UTC,1.615047e+06,0.9592366973424723,0.551037157136556
2025-10-07 00:00:00.000 UTC,1.791151e+06,1.0764483897566646,0.450746685218403
2025-10-08 00:00:00.000 UTC,2.083382e+06,0.8967566731485499,0.306153689963015
2025-10-09 00:00:00.000 UTC,2.844837e+06,1.1129837379422653,0.877183635480885
2025-10-10 00:00:00.000 UTC,2.948298e+06,56.883826442808704,2.175516481978991
2025-10-11 00:00:00.000 UTC,2.572052e+06,3.581761458821672,0.7000187531189519
2025-10-12 00:00:00.000 UTC,2.430328e+06,3.1543285809488077,0.535015403826147
2025-10-13 00:00:00.000 UTC,2.472714e+06,2.755675518797694,0.5946821203338659
2025-10-14 00:00:00.000 UTC,2.531025e+06,3.3823186562048595,0.6326712856756049
2025-10-15 00:00:00.000 UTC,2.353069e+06,1.8169806814311735,0.543548289272245
2025-10-16 00:00:00.000 UTC,1.998756e+06,1.4216278290693036,0.340800106683113
2025-10-17 00:00:00.000 UTC,1.797152e+06,1.6937613893211987,0.376937489121137
2025-10-18 00:00:00.000 UTC,1.32755e+06,0.6136311067876221,0.21820316659228498
2025-10-19 00:00:00.000 UTC,1.638044e+06,1.1449366392802558,0.24629386569411799
2025-10-20 00:00:00.000 UTC,1.876401e+06,1.0899047809058962,0.535336311390118
2025-10-21 00:00:00.000 UTC,1.848801e+06,1.1036554255524242,0.471058371256323
2025-10-22 00:00:00.000 UTC,2.326308e+06,1.4467625099937187,0.47649084979856704
2025-10-23 00:00:00.000 UTC,1.712936e+06,0.689456502259028,0.250175944066495
2025-10-24 00:00:00.000 UTC,1.624669e+06,0.813089702770711,0.24453486306893
2025-10-25 00:00:00.000 UTC,1.308027e+06,0.38087359455545666,0.15786988821863399
2025-10-26 00:00:00.000 UTC,1.679455e+06,0.6993376566551421,0.23507043453611
2025-10-27 00:00:00.000 UTC,1.958408e+06,0.8092919749604431,0.264070857517675
2025-10-28 00:00:00.000 UTC,2.060062e+06,0.8833502232026169,0.363131132792562
2025-10-29 00:00:00.000 UTC,1.710281e+06,1.1792816784656752,0.330870459463317
2025-10-30 00:00:00.000 UTC,1.767403e+06,1.0718486684756146,0.4328188954093715
2025-10-31 00:00:00.000 UTC,1.695693e+06,0.9158921463162126,0.23287904993834802
2025-11-01 00:00:00.000 UTC,1.612989e+06,0.5621485066119476,0.185268253621957
2025-11-02 00:00:00.000 UTC,1.611283e+06,0.591596272445034,0.19213602800497
2025-11-03 00:00:00.000 UTC,1.82136e+06,3.6700785464273875,0.34505471531147497
2025-11-04 00:00:00.000 UTC,2.073512e+06,5.321093020434878,0.700312446321723
2025-11-05 00:00:00.000 UTC,1.744994e+06,4.077913034033203,0.254900248019694
2025-11-06 00:00:00.000 UTC,1.509039e+06,3.104945763037034,0.272899459632217
2025-11-07 00:00:00.000 UTC,1.661553e+06,1.5015751219557207,0.7950487965028321
2025-11-08 00:00:00.000 UTC,1.649716e+06,0.8560330405124739,0.322891852809525
2025-11-09 00:00:00.000 UTC,1.717612e+06,0.9567251407583682,0.397920383259576
2025-11-10 00:00:00.000 UTC,1.854049e+06,1.1646217748257854,0.50727911707386
2025-11-11 00:00:00.000 UTC,2.191914e+06,1.252576721787652,0.608168741268312
2025-11-12 00:00:00.000 UTC,2.286033e+06,1.2396881021631883,0.553905618610264
2025-11-13 00:00:00.000 UTC,2.107712e+06,1.5711712239882993,0.605067424054444
2025-11-14 00:00:00.000 UTC,2.164318e+06,1.7459540350294136,0.6606186796954681
2025-11-15 00:00:00.000 UTC,1.891638e+06,0.6829838412648911,0.289707094504633
2025-11-16 00:00:00.000 UTC,1.893191e+06,1.0057248996330428,0.44128618183623397
2025-11-17 00:00:00.000 UTC,2.061752e+06,1.8620868905338033,0.650914806169736
2025-11-18 00:00:00.000 UTC,1.867033e+06,0.908646880420385,1.3704282448647633
2025-11-19 00:00:00.000 UTC,1.823925e+06,1.0234599603318097,0.566612199799141
2025-11-20 00:00:00.000 UTC,2.116194e+06,1.9786288954927687,0.484212614521252
2025-11-21 00:00:00.000 UTC,2.366583e+06,5.058525104957289,0.736241378566285
2025-11-22 00:00:00.000 UTC,1.714142e+06,0.7704244593623027,0.25796673515769303
2025-11-23 00:00:00.000 UTC,1.590995e+06,0.7681124707752219,0.263094302500591
2025-11-24 00:00:00.000 UTC,1.528655e+06,1.2836017530097779,0.446267388946374
2025-11-25 00:00:00.000 UTC,1.380223e+06,0.796989159874594,0.380197611638228
2025-11-26 00:00:00.000 UTC,1.355114e+06,0.8411983731372544,0.435597862379799
2025-11-27 00:00:00.000 UTC,1.300556e+06,0.6167697793762243,0.23319828917847
2025-11-28 00:00:00.000 UTC,1.749404e+06,0.6416502606591524,0.208995522705303
2025-11-29 00:00:00.000 UTC,1.207867e+06,0.4512787952065494,0.137679739283334
2025-11-30 00:00:00.000 UTC,1.272659e+06,0.408926891705159,0.139158230573867
2025-12-01 00:00:00.000 UTC,1.928135e+06,1.0819336942604703,0.321473690587918
2025-12-02 00:00:00.000 UTC,1.449779e+06,0.9444723432978647,0.220481189292869
2025-12-03 00:00:00.000 UTC,1.637837e+06,0.8736171939164821,0.290790918556137
2025-12-04 00:00:00.000 UTC,1.714177e+06,0.7529585401267244,0.6419285762397371
2025-12-05 00:00:00.000 UTC,1.840096e+06,0.648439268967829,0.210236361275636
2025-12-06 00:00:00.000 UTC,1.664277e+06,0.41981198587452273,0.17535677793800702
2025-12-07 00:00:00.000 UTC,1.170265e+06,0.7913362490101267,0.16095608774809828
2025-12-08 00:00:00.000 UTC,1.27679e+06,0.7263383612691807,0.15588599736478398
2025-12-09 00:00:00.000 UTC,1.460066e+06,0.6400455777738949,0.16930756609499298
2025-12-10 00:00:00.000 UTC,1.532311e+06,0.7807579675659815,0.173881698643671
2025-12-11 00:00:00.000 UTC,1.709104e+06,0.6278364291277032,0.189268725332586
2025-12-12 00:00:00.000 UTC,1.724564e+06,0.5530462584374344,0.185394811510834
2025-12-13 00:00:00.000 UTC,1.551254e+06,0.33592584625293487,0.16432332202737
2025-12-14 00:00:00.000 UTC,1.753324e+06,0.6586921086777942,0.184337678026932
2025-12-15 00:00:00.000 UTC,2.045515e+06,1.5811811580967017,0.221862085179548
2025-12-16 00:00:00.000 UTC,2.274656e+06,0.7826698047046144,0.236927767705232
2025-12-17 00:00:00.000 UTC,2.178476e+06,0.877474397536581,0.2417444206847
2025-12-18 00:00:00.000 UTC,2.163874e+06,1.0050944724351705,0.265340638828852
2025-12-19 00:00:00.000 UTC,1.943032e+06,0.9034057387548748,0.227195740450695
2025-12-20 00:00:00.000 UTC,1.65808e+06,0.5706188586722778,0.192380923976009
2025-12-21 00:00:00.000 UTC,1.547289e+06,0.506058182366381,0.173154629949732
2025-12-22 00:00:00.000 UTC,1.72158e+06,0.6020178106928699,0.190215591670085
2025-12-23 00:00:00.000 UTC,1.80055e+06,0.6571527836612626,0.19322485819179
2025-12-24 00:00:00.000 UTC,1.920241e+06,0.7778412534003274,0.211680018759973
2025-12-25 00:00:00.000 UTC,2.257244e+06,0.651297595111895,0.249402261794167
2025-12-26 00:00:00.000 UTC,1.934882e+06,0.5067502409462319,0.23033790379671798
2025-12-27 00:00:00.000 UTC,1.509577e+06,0.4298022639195991,0.162803066107672
2025-12-28 00:00:00.000 UTC,1.682288e+06,0.36640603235330294,0.17686281931418
2025-12-29 00:00:00.000 UTC,1.830519e+06,0.6475766774581112,0.204488575891527
2025-12-30 00:00:00.000 UTC,1.737977e+06,0.5853380645399692,0.18666266497494
2025-12-31 00:00:00.000 UTC,2.162321e+06,0.5966094153609992,0.21779361264845098
2026-01-01 00:00:00.000 UTC,2.179937e+06,0.7139313722161255,0.216197161402861
2026-01-02 00:00:00.000 UTC,1.983521e+06,0.6628785930907026,0.21058297957949298
2026-01-03 00:00:00.000 UTC,1.841053e+06,0.44221448304388156,0.206603329131522
2026-01-04 00:00:00.000 UTC,1.848721e+06,0.48182758237622186,0.19248666583985902
2026-01-05 00:00:00.000 UTC,2.123934e+06,0.754280290939761,0.223204195638298
2026-01-06 00:00:00.000 UTC,2.337692e+06,0.7637875702623816,0.246273704854483
2026-01-07 00:00:00.000 UTC,2.299163e+06,0.7824877216719343,0.268295670634616
2026-01-08 00:00:00.000 UTC,2.285113e+06,0.8593151380007593,0.381063106151683
2026-01-09 00:00:00.000 UTC,2.518353e+06,0.7441265250769359,0.28886875744422
2026-01-10 00:00:00.000 UTC,2.143718e+06,0.343804928624092,0.213136120621836
2026-01-11 00:00:00.000 UTC,1.933481e+06,0.38421768492219044,0.196872627663572
2026-01-12 00:00:00.000 UTC,2.369975e+06,0.6370692548561798,0.252574512348335
2026-01-13 00:00:00.000 UTC,2.245444e+06,1.1626037842219326,0.244847240282763
2026-01-14 00:00:00.000 UTC,2.526387e+06,0.719977581653895,0.265827058662031
2026-01-15 00:00:00.000 UTC,2.181039e+06,0.6178032027615014,0.234853869077995
2026-01-16 00:00:00.000 UTC,2.236586e+06,0.5697141350792182,0.24735030693256302
2026-01-17 00:00:00.000 UTC,2.171935e+06,0.550717636452276,0.267940636199021
2026-01-18 00:00:00.000 UTC,2.001812e+06,0.5696728391690419,0.23386319996143898
2026-01-19 00:00:00.000 UTC,2.227378e+06,1.1489217959588036,0.247078393650672
2026-01-20 00:00:00.000 UTC,2.418257e+06,0.9765964212435551,0.264189338600762
2026-01-21 00:00:00.000 UTC,2.499682e+06,1.045476715524177,0.274762718715501
2026-01-22 00:00:00.000 UTC,2.265006e+06,0.6728744175356399,0.24099066778506698
2026-01-23 00:00:00.000 UTC,2.072677e+06,0.7010051274068294,0.278702425502188
2026-01-24 00:00:00.000 UTC,1.948835e+06,0.3446420867979291,0.207416983658752
2026-01-25 00:00:00.000 UTC,2.262943e+06,0.6689530399152022,0.230466927314894
2026-01-26 00:00:00.000 UTC,2.303498e+06,0.7967727008795036,0.241109957250124
2026-01-27 00:00:00.000 UTC,2.095083e+06,0.6558176399932978,0.21875899269996701
2026-01-28 00:00:00.000 UTC,2.122549e+06,0.9353742973520557,0.226205386881386
2026-01-29 00:00:00.000 UTC,2.358071e+06,0.983769337809032,0.26263493249882
2026-01-30 00:00:00.000 UTC,2.412652e+06,1.2472121852040414,0.312071206902389
2026-01-31 00:00:00.000 UTC,2.785306e+06,6.832891679811713,0.41830495612874313
2026-02-01 00:00:00.000 UTC,2.523794e+06,0.9468321784375022,0.28749485858991103
2026-02-02 00:00:00.000 UTC,2.461305e+06,2.6668344919237468,0.29258996626517797
2026-02-03 00:00:00.000 UTC,2.493305e+06,3.3666521983633686,0.29647474380390604
2026-02-04 00:00:00.000 UTC,2.272027e+06,2.0235929246399103,0.277063544669303
2026-02-05 00:00:00.000 UTC,3.82388e+06,13.957269080586334,0.5494490938388003
2026-02-06 00:00:00.000 UTC,2.47714e+06,8.163087346698925,0.36682157150575645
2026-02-07 00:00:00.000 UTC,2.7651e+06,2.922410731126367,0.266665963513677
2026-02-08 00:00:00.000 UTC,3.108424e+06,0.6852156359943965,0.27579555671789696
2026-02-09 00:00:00.000 UTC,2.640553e+06,0.8393877081396602,0.24455325815825202
2026-02-10 00:00:00.000 UTC,2.297567e+06,0.8039990715759214,0.21528712694090799
2026-02-11 00:00:00.000 UTC,2.497914e+06,1.183995456890703,0.241923874413794
2026-02-12 00:00:00.000 UTC,2.485194e+06,0.8637275038204137,0.230684075866176
2026-02-13 00:00:00.000 UTC,2.344523e+06,0.7597569396589047,0.21922373460399602
2026-02-14 00:00:00.000 UTC,1.998361e+06,0.5128471231679084,0.183317301721902
2026-02-15 00:00:00.000 UTC,2.250358e+06,0.8755067452139514,0.204842810577014
2026-02-16 00:00:00.000 UTC,2.27132e+06,0.6349960693310395,0.275940251749678
2026-02-17 00:00:00.000 UTC,2.062276e+06,0.7993714691625646,0.188875708064991
2026-02-18 00:00:00.000 UTC,2.357206e+06,1.5184210849800186,0.21598175256784702
2026-02-19 00:00:00.000 UTC,2.503881e+06,1.0789253310752047,0.23038658211763
2026-02-20 00:00:00.000 UTC,2.498853e+06,0.8310708674604674,0.229356377441655
2026-02-21 00:00:00.000 UTC,2.171283e+06,0.8419580323840634,0.197823537003762
2026-02-22 00:00:00.000 UTC,2.162651e+06,0.46582101238087303,0.18744698919323
2026-02-23 00:00:00.000 UTC,2.454767e+06,0.6940464243772856,0.222498493858178
2026-02-24 00:00:00.000 UTC,2.23259e+06,0.6053195487675421,0.206720472713143
2026-02-25 00:00:00.000 UTC,2.440816e+06,0.8146396691945441,0.23186597182050198
2026-02-26 00:00:00.000 UTC,2.160307e+06,0.634348663563854,0.20150907084750802
2026-02-27 00:00:00.000 UTC,2.363921e+06,0.9228301700182323,0.212063458093209
2026-02-28 00:00:00.000 UTC,2.185407e+06,0.9454302156086797,0.205226978396929
2026-03-01 00:00:00.000 UTC,2.03398e+06,0.8207951178425598,0.197480233703559
2026-03-02 00:00:00.000 UTC,2.238294e+06,0.7624160662646194,0.21057058781920499
2026-03-03 00:00:00.000 UTC,1.862176e+06,0.6938798100220305,0.18051165111060802
2026-03-04 00:00:00.000 UTC,1.635932e+06,0.7900354153087809,0.16422128510304498
2026-03-05 00:00:00.000 UTC,2.037009e+06,1.0023926054538541,0.194957055939344
2026-03-06 00:00:00.000 UTC,2.26059e+06,0.8118377376965908,0.211670054233865
2026-03-07 00:00:00.000 UTC,2.07229e+06,0.5568756615020198,0.18278997062406
2026-03-08 00:00:00.000 UTC,2.167969e+06,0.4711139188968379,0.193308879627144
2026-03-09 00:00:00.000 UTC,1.785257e+06,0.49269658707795505,0.169444324332928
2026-03-10 00:00:00.000 UTC,1.686416e+06,0.4438346631656342,0.161019142269804
2026-03-11 00:00:00.000 UTC,1.751219e+06,1.192691806850551,0.16971514833635598
2026-03-12 00:00:00.000 UTC,1.457234e+06,0.5981078756973233,0.149648333041551
2026-03-13 00:00:00.000 UTC,1.685861e+06,0.7318862832099088,0.166088402518583
2026-03-14 00:00:00.000 UTC,1.647652e+06,0.7536559574968705,0.147215521520594
2026-03-15 00:00:00.000 UTC,2.032106e+06,0.9772808342883941,0.186058272397098
2026-03-16 00:00:00.000 UTC,1.960268e+06,0.6020036660180216,0.194891780606551
2026-03-17 00:00:00.000 UTC,1.916514e+06,0.5334029408482038,0.174285840277038
2026-03-18 00:00:00.000 UTC,2.41966e+06,0.5325012696858373,0.216692505265924
2026-03-19 00:00:00.000 UTC,1.839396e+06,0.5878509378152718,0.171099862196162
2026-03-20 00:00:00.000 UTC,1.788746e+06,0.6425617752334385,0.163585797367741
2026-03-21 00:00:00.000 UTC,1.684977e+06,0.7958817120493061,0.150529414749718
2026-03-22 00:00:00.000 UTC,1.723584e+06,0.611998436038568,0.199915211265203
2026-03-23 00:00:00.000 UTC,1.937012e+06,0.6071178782757042,0.222056348117325
2026-03-24 00:00:00.000 UTC,2.057764e+06,0.7737881260523913,0.206694012810691
2026-03-25 00:00:00.000 UTC,2.29789e+06,0.5196094663579869,0.223438217426903
2026-03-26 00:00:00.000 UTC,1.992294e+06,0.6068532924616613,0.19055579819006
2026-03-27 00:00:00.000 UTC,2.23485e+06,0.6774163384703711,0.214220394633229
2026-03-28 00:00:00.000 UTC,1.972964e+06,0.545117419041715,0.182435553219571
2026-03-29 00:00:00.000 UTC,1.78085e+06,0.5811942434586743,0.166631090060039
2026-03-30 00:00:00.000 UTC,1.905136e+06,0.5744929451799816,0.17912293800180598
2026-03-31 00:00:00.000 UTC,1.751335e+06,0.5549740119850554,0.169540357702402
2026-04-01 00:00:00.000 UTC,1.964309e+06,0.5740517635258894,0.17953989318118002
2026-04-02 00:00:00.000 UTC,2.007711e+06,0.8713343973038112,0.18569851551619798
2026-04-03 00:00:00.000 UTC,1.520288e+06,0.4719927001811166,0.13601975721644002
2026-04-04 00:00:00.000 UTC,1.571853e+06,0.4044058424695458,0.140788967024607
2026-04-05 00:00:00.000 UTC,1.831736e+06,0.4942302453624211,0.178569563535097
2026-04-06 00:00:00.000 UTC,1.892745e+06,0.5821384380813158,0.17895677464169302
2026-04-07 00:00:00.000 UTC,1.840027e+06,0.5333927366029607,0.17292370789081002
2026-04-08 00:00:00.000 UTC,2.109093e+06,1.1792096597886772,0.204661131987283
2026-04-09 00:00:00.000 UTC,2.130698e+06,1.6330060836900182,0.213322027585171
2026-04-10 00:00:00.000 UTC,1.943751e+06,0.8345923769766558,0.182687090160499
2026-04-11 00:00:00.000 UTC,2.078705e+06,0.7016511104682764,0.18933430671044899
2026-04-12 00:00:00.000 UTC,1.98268e+06,0.6703597455453907,0.180400749781879
2026-04-13 00:00:00.000 UTC,1.904981e+06,0.7314622468833769,0.178669285993521
2026-04-14 00:00:00.000 UTC,2.156877e+06,0.7629812264242553,0.20039704035948
2026-04-15 00:00:00.000 UTC,2.033729e+06,0.7636862313256779,0.18806056660367299
2026-04-16 00:00:00.000 UTC,2.066095e+06,1.6551871044070503,0.199044666341507
2026-04-17 00:00:00.000 UTC,1.741883e+06,1.0842828176920862,0.173252007686547
2026-04-18 00:00:00.000 UTC,1.600387e+06,0.683344217311184,0.16668908098358007
2026-04-19 00:00:00.000 UTC,1.446762e+06,0.7211836379433938,0.162031165620689
2026-04-20 00:00:00.000 UTC,1.456971e+06,0.5739670844479027,0.16761792376582846
2026-04-21 00:00:00.000 UTC,1.465328e+06,0.7279195579990966,0.246146717885862
2026-04-22 00:00:00.000 UTC,1.267778e+06,0.6507722232599327,0.14022132994448708
2026-04-23 00:00:00.000 UTC,1.369167e+06,0.7639293065025126,0.13832004507130488
2026-04-24 00:00:00.000 UTC,1.332081e+06,0.578232155735545,0.132890752193947
2026-04-25 00:00:00.000 UTC,1.376056e+06,0.5251694843849759,0.281008064756143
2026-04-26 00:00:00.000 UTC,1.276803e+06,0.47838852764603335,0.12474387494727
2026-04-27 00:00:00.000 UTC,1.187562e+06,0.5064240949904578,0.122691377486564
2026-04-28 00:00:00.000 UTC,1.136305e+06,0.5200449945589605,0.117783837704206
2026-04-29 00:00:00.000 UTC,1.231444e+06,0.5531599346292919,0.130040521507783
2026-04-30 00:00:00.000 UTC,1.355121e+06,0.5792619120211498,0.13499753694529698
